videos/generados	20261002_045948_genjutsu_motion_control_prueba1_e91ab63a.mp4	https://d8j0ntlcm91z4.cloudfront.net/user_3K4O0O0l56fNWa9WqWQdW4WRQIY/hf_20261002_045948_e91ab63a-8ff4-4558-852b-105d1895b147.mp4
videos/generados	20261002_070303_genjutsu_motion_control_previz_a53d4c61.mp4	https://d8j0ntlcm91z4.cloudfront.net/user_3K4O0O0l56fNWa9WqWQdW4WRQIY/hf_20261002_070303_a53d4c61-be72-41c9-8930-0a087562b868.mp4
videos/generados	20261002_085604_seedance_john_vs_5_dark_johns_29planos_57766307.mp4	https://d8j0ntlcm91z4.cloudfront.net/user_3K4O0O0l56fNWa9WqWQdW4WRQIY/hf_20261002_085604_57766307-db93-445f-8f16-40d5e565e797.mp4
videos/generados	20261002_100420_seedance_metamorfosis_monstruo_15430271.mp4	https://d8j0ntlcm91z4.cloudfront.net/user_3K4O0O0l56fNWa9WqWQdW4WRQIY/hf_20261002_100420_15430271-a46b-4597-b50a-c76aa4b1b345.mp4
videos/generados	20261002_102926_seedance_locacion_estilo_deakins_086bd772.mp4	https://d8j0ntlcm91z4.cloudfront.net/user_3K4O0O0l56fNWa9WqWQdW4WRQIY/hf_20261002_102926_086bd772-1497-42ff-9613-cc49fce630af.mp4
videos/generados	20261002_104008_seedance_videoB_v1_12planos_0f4d5836.mp4	https://d8j0ntlcm91z4.cloudfront.net/user_3K4O0O0l56fNWa9WqWQdW4WRQIY/hf_20261002_104008_0f4d5836-9055-4b3c-a550-ad94edfd24ed.mp4
videos/generados	20261002_110118_seedance_videoA_onetake_v2_5239f542.mp4	https://d8j0ntlcm91z4.cloudfront.net/user_3K4O0O0l56fNWa9WqWQdW4WRQIY/hf_20261002_110118_5239f542-18d1-445a-b062-8e65862d50d9.mp4
videos/generados	20261002_232647_seedance_videoA_onetake_v2b_96f5a0da.mp4	https://d8j0ntlcm91z4.cloudfront.net/user_3K4O0O0l56fNWa9WqWQdW4WRQIY/hf_20261002_232647_96f5a0da-91a6-41dc-9227-5186cf9da1a9.mp4
videos/generados	20261002_232725_seedance_videoB_sombra_monstruo_8a38ac55.mp4	https://d8j0ntlcm91z4.cloudfront.net/user_3K4O0O0l56fNWa9WqWQdW4WRQIY/hf_20261002_232725_8a38ac55-a53a-4cf5-8694-54da1ce1c9fe.mp4
videos/generados	20261003_010535_seedance_videoA_onetake_v3_8134243b.mp4	https://d8j0ntlcm91z4.cloudfront.net/user_3K4O0O0l56fNWa9WqWQdW4WRQIY/hf_20261003_010535_8134243b-1e4e-44e6-af08-42ed597fe82b.mp4
videos/generados	20261003_054943_seedance_videoA_bloques_borrador480_9f821264.mp4	https://d8j0ntlcm91z4.cloudfront.net/user_3K4O0O0l56fNWa9WqWQdW4WRQIY/hf_20261003_054943_9f821264-c8ae-435f-80a9-12c1ba41b36f.mp4
videos/previz_y_referencias	previz_videoB_v1_1440abc3.mp4	https://d2ol7oe51mr4n9.cloudfront.net/user_3K4O0O0l56fNWa9WqWQdW4WRQIY/1440abc3-867e-46b6-9381-00b69cde4ece.mp4
videos/previz_y_referencias	previz_onetake_v4_bloques_2d7e064d.mp4	https://d2ol7oe51mr4n9.cloudfront.net/user_3K4O0O0l56fNWa9WqWQdW4WRQIY/2d7e064d-376c-4a35-bf9b-23cd50022da0.mp4
videos/previz_y_referencias	previz_blender_desenvaine_35b336f1.mp4	https://d2ol7oe51mr4n9.cloudfront.net/user_3K4O0O0l56fNWa9WqWQdW4WRQIY/35b336f1-5227-4826-8452-5cffd8410fb8.mp4
videos/previz_y_referencias	ref_combos_0015-0029_54d21e00.mp4	https://d2ol7oe51mr4n9.cloudfront.net/user_3K4O0O0l56fNWa9WqWQdW4WRQIY/54d21e00-c9e0-4c7a-9520-f6cc87853500.mp4
videos/previz_y_referencias	previz_onetake_v3_55e6c477.mp4	https://d2ol7oe51mr4n9.cloudfront.net/user_3K4O0O0l56fNWa9WqWQdW4WRQIY/55e6c477-12f8-4cfa-b750-cfe0a73f8846.mp4
videos/previz_y_referencias	previz_onetake_v2_b4a6e3c4.mp4	https://d2ol7oe51mr4n9.cloudfront.net/user_3K4O0O0l56fNWa9WqWQdW4WRQIY/b4a6e3c4-9c1e-4554-9786-11f4c0676859.mp4
videos/previz_y_referencias	previz_v1_d7f69464.mp4	https://d2ol7oe51mr4n9.cloudfront.net/user_3K4O0O0l56fNWa9WqWQdW4WRQIY/d7f69464-5daf-47b3-9f9f-59b2f313848d.mp4
videos/previz_y_referencias	subido_otra_cuenta_da9984dc.mp4	https://d2ol7oe51mr4n9.cloudfront.net/user_3EbzM3eKKwcmoP0DyGgm34Y5b0U/da9984dc-72e5-4c0c-baaa-c9787f315edc.mp4
videos/previz_y_referencias	previz_videoB_v1b_dcde3d52.mp4	https://d2ol7oe51mr4n9.cloudfront.net/user_3K4O0O0l56fNWa9WqWQdW4WRQIY/dcde3d52-3d5d-4204-a37c-737a149fa229.mp4
videos/previz_y_referencias	ref_camaras_0057-0127_ddd6a758.mp4	https://d2ol7oe51mr4n9.cloudfront.net/user_3K4O0O0l56fNWa9WqWQdW4WRQIY/ddd6a758-1583-4d07-8929-40658a66d3f6.mp4
videos/previz_y_referencias	clip_original_e0ca5a4c.mp4	https://d2ol7oe51mr4n9.cloudfront.net/user_3K4O0O0l56fNWa9WqWQdW4WRQIY/e0ca5a4c-3675-4b8c-b436-9d19ac3c5397.mp4
videos/previz_y_referencias	videoA_bloques_0-16s_viralidad_e4a9da22.mp4	https://d2ol7oe51mr4n9.cloudfront.net/user_3K4O0O0l56fNWa9WqWQdW4WRQIY/e4a9da22-5c05-4fa6-82c2-84963b789589.mp4
videos/previz_y_referencias	previz_pelea_e5e9e5dd.mp4	https://d2ol7oe51mr4n9.cloudfront.net/user_3K4O0O0l56fNWa9WqWQdW4WRQIY/e5e9e5dd-70c3-48a7-a926-95d5e549241d.mp4
videos/previz_y_referencias	previz_blender_completo_eb1d6fa0.mp4	https://d2ol7oe51mr4n9.cloudfront.net/user_3K4O0O0l56fNWa9WqWQdW4WRQIY/eb1d6fa0-cec4-4aeb-943d-97b9d7fe3ed7.mp4
videos/previz_y_referencias	drv_desenvaine_fc1937b8.mp4	https://d2ol7oe51mr4n9.cloudfront.net/user_3K4O0O0l56fNWa9WqWQdW4WRQIY/fc1937b8-5659-4447-a783-caeddd80f062.mp4
videos/generados	20261003_065032_seedance_videoA_bloques_720p_FINAL_662e478d.mp4	https://d8j0ntlcm91z4.cloudfront.net/user_3K4O0O0l56fNWa9WqWQdW4WRQIY/hf_20261003_065032_662e478d-fb38-4010-b9d6-d0ca6eab9194.mp4
imagenes/generadas	20260930_141729_a9a38e29.png	https://d8j0ntlcm91z4.cloudfront.net/user_3EbzM3eKKwcmoP0DyGgm34Y5b0U/hf_20260930_141729_a9a38e29-e0ba-4363-9946-129b7146ea3c.png
imagenes/generadas	20260930_142835_1ca833fd.png	https://d8j0ntlcm91z4.cloudfront.net/user_3EbzM3eKKwcmoP0DyGgm34Y5b0U/hf_20260930_142835_1ca833fd-f65e-434e-8233-98372ec7bea5.png
imagenes/generadas	20260930_142835_3bd11612.png	https://d8j0ntlcm91z4.cloudfront.net/user_3EbzM3eKKwcmoP0DyGgm34Y5b0U/hf_20260930_142835_3bd11612-b5eb-42d7-b665-c6956b97af45.png
imagenes/generadas	20260930_142835_a930e028.png	https://d8j0ntlcm91z4.cloudfront.net/user_3EbzM3eKKwcmoP0DyGgm34Y5b0U/hf_20260930_142835_a930e028-d97f-4fc9-802b-25a546b1b953.png
imagenes/generadas	20260930_142836_337d5066.png	https://d8j0ntlcm91z4.cloudfront.net/user_3EbzM3eKKwcmoP0DyGgm34Y5b0U/hf_20260930_142836_337d5066-8402-4612-b56f-e79f136a5112.png
imagenes/generadas	20260930_142836_b43e484b.png	https://d8j0ntlcm91z4.cloudfront.net/user_3EbzM3eKKwcmoP0DyGgm34Y5b0U/hf_20260930_142836_b43e484b-58fa-41ae-b920-acf0ad097191.png
imagenes/generadas	20260930_142836_be5ffa3c.png	https://d8j0ntlcm91z4.cloudfront.net/user_3EbzM3eKKwcmoP0DyGgm34Y5b0U/hf_20260930_142836_be5ffa3c-7d5b-432c-acea-26ea1dc20f2f.png
imagenes/generadas	20260930_142838_5b79bc79.png	https://d8j0ntlcm91z4.cloudfront.net/user_3EbzM3eKKwcmoP0DyGgm34Y5b0U/hf_20260930_142838_5b79bc79-91b6-41c5-bef7-5b0094ebaca3.png
imagenes/generadas	20260930_143306_4782f902.png	https://d8j0ntlcm91z4.cloudfront.net/user_3EbzM3eKKwcmoP0DyGgm34Y5b0U/hf_20260930_143306_4782f902-89ff-45a5-87c4-536d53ec8cb2.png
imagenes/generadas	20260930_143306_5f033558.png	https://d8j0ntlcm91z4.cloudfront.net/user_3EbzM3eKKwcmoP0DyGgm34Y5b0U/hf_20260930_143306_5f033558-6299-4484-b78c-1557c97cdbb6.png
imagenes/generadas	20260930_152314_76c5d695.png	https://d8j0ntlcm91z4.cloudfront.net/user_3EbzM3eKKwcmoP0DyGgm34Y5b0U/hf_20260930_152314_76c5d695-ce5d-4587-8de5-0710229dcb60.png
imagenes/generadas	20260930_152315_74a1c128.png	https://d8j0ntlcm91z4.cloudfront.net/user_3EbzM3eKKwcmoP0DyGgm34Y5b0U/hf_20260930_152315_74a1c128-a47e-4e65-97c9-484f3f999ca1.png
imagenes/generadas	20260930_152315_75310282.png	https://d8j0ntlcm91z4.cloudfront.net/user_3EbzM3eKKwcmoP0DyGgm34Y5b0U/hf_20260930_152315_75310282-8c0f-4cce-bfa4-5750cba3cf7f.png
imagenes/generadas	20260930_155013_3eeca3aa.png	https://d8j0ntlcm91z4.cloudfront.net/user_3EbzM3eKKwcmoP0DyGgm34Y5b0U/hf_20260930_155013_3eeca3aa-d01a-43c1-bd3f-1ce7d7272fa9.png
imagenes/generadas	20260930_155015_8d9f5ece.png	https://d8j0ntlcm91z4.cloudfront.net/user_3EbzM3eKKwcmoP0DyGgm34Y5b0U/hf_20260930_155015_8d9f5ece-0e55-41af-a67a-f37930d25161.png
imagenes/generadas	20260930_162537_2bf3a264.png	https://d8j0ntlcm91z4.cloudfront.net/user_3EbzM3eKKwcmoP0DyGgm34Y5b0U/hf_20260930_162537_2bf3a264-3904-4586-aaaa-4de5845e2383.png
imagenes/generadas	20260930_162537_355ee914.png	https://d8j0ntlcm91z4.cloudfront.net/user_3EbzM3eKKwcmoP0DyGgm34Y5b0U/hf_20260930_162537_355ee914-323f-439d-a786-d4e66a30e336.png
imagenes/generadas	20260930_162537_b6209c77.png	https://d8j0ntlcm91z4.cloudfront.net/user_3EbzM3eKKwcmoP0DyGgm34Y5b0U/hf_20260930_162537_b6209c77-b737-4238-876b-952dbb849bf7.png
imagenes/generadas	20260930_162537_ee02f9b8.png	https://d8j0ntlcm91z4.cloudfront.net/user_3EbzM3eKKwcmoP0DyGgm34Y5b0U/hf_20260930_162537_ee02f9b8-4610-4736-8184-45841e84151b.png
imagenes/generadas	20260930_162538_4def8bec.png	https://d8j0ntlcm91z4.cloudfront.net/user_3EbzM3eKKwcmoP0DyGgm34Y5b0U/hf_20260930_162538_4def8bec-11a2-4ca1-baa6-f980e773f1b7.png
imagenes/generadas	20260930_163306_5266b743.png	https://d8j0ntlcm91z4.cloudfront.net/user_3EbzM3eKKwcmoP0DyGgm34Y5b0U/hf_20260930_163306_5266b743-aa31-48e2-b9cd-822b9ed80665.png
imagenes/generadas	20260930_163306_ac5da0d8.png	https://d8j0ntlcm91z4.cloudfront.net/user_3EbzM3eKKwcmoP0DyGgm34Y5b0U/hf_20260930_163306_ac5da0d8-548f-445e-ab74-26dc16ca62a5.png
imagenes/generadas	20260930_163518_54459a98.png	https://d8j0ntlcm91z4.cloudfront.net/user_3EbzM3eKKwcmoP0DyGgm34Y5b0U/hf_20260930_163518_54459a98-dd2c-41f8-94ad-9ea3881c0931.png
imagenes/generadas	20260930_163519_13234260.png	https://d8j0ntlcm91z4.cloudfront.net/user_3EbzM3eKKwcmoP0DyGgm34Y5b0U/hf_20260930_163519_13234260-72b2-4c77-8fe3-c5274ffd7d47.png
imagenes/generadas	20260930_222535_77d757dc.png	https://d8j0ntlcm91z4.cloudfront.net/user_3EbzM3eKKwcmoP0DyGgm34Y5b0U/hf_20260930_222535_77d757dc-7d67-494a-a919-d01430f8ab93.png
imagenes/generadas	20260930_234043_17e7aa57.png	https://d8j0ntlcm91z4.cloudfront.net/user_3EbzM3eKKwcmoP0DyGgm34Y5b0U/hf_20260930_234043_17e7aa57-6b64-4f62-a3f3-5f1991ffe750.png
imagenes/generadas	20260930_234043_dc610afd.png	https://d8j0ntlcm91z4.cloudfront.net/user_3EbzM3eKKwcmoP0DyGgm34Y5b0U/hf_20260930_234043_dc610afd-5d0e-47bd-ba57-dd81eac9bb7b.png
imagenes/generadas	20260930_234043_f695274e.png	https://d8j0ntlcm91z4.cloudfront.net/user_3EbzM3eKKwcmoP0DyGgm34Y5b0U/hf_20260930_234043_f695274e-d162-40d8-a54c-7cefc4c80cfb.png
imagenes/generadas	20260930_234128_3d5a12fc.png	https://d8j0ntlcm91z4.cloudfront.net/user_3EbzM3eKKwcmoP0DyGgm34Y5b0U/hf_20260930_234128_3d5a12fc-de8f-43ee-bbbd-9be700b9e589.png
imagenes/generadas	20260930_234128_69005e11.png	https://d8j0ntlcm91z4.cloudfront.net/user_3EbzM3eKKwcmoP0DyGgm34Y5b0U/hf_20260930_234128_69005e11-fb8f-47d3-94da-c0a29ed4514a.png
imagenes/generadas	20260930_234128_fb9b3355.png	https://d8j0ntlcm91z4.cloudfront.net/user_3EbzM3eKKwcmoP0DyGgm34Y5b0U/hf_20260930_234128_fb9b3355-eacd-4198-9c94-b49764edb4d5.png
imagenes/generadas	20261001_174208_3bed7575.png	https://d8j0ntlcm91z4.cloudfront.net/user_3K4O0O0l56fNWa9WqWQdW4WRQIY/hf_20261001_174208_3bed7575-c189-4f81-844b-1eefbbbd521a.png
imagenes/generadas	20261001_174208_f2d00d5d.png	https://d8j0ntlcm91z4.cloudfront.net/user_3K4O0O0l56fNWa9WqWQdW4WRQIY/hf_20261001_174208_f2d00d5d-c21a-4cc7-9044-9711005b037d.png
imagenes/generadas	20261001_174209_1a9bcbb1.png	https://d8j0ntlcm91z4.cloudfront.net/user_3K4O0O0l56fNWa9WqWQdW4WRQIY/hf_20261001_174209_1a9bcbb1-cfe2-4bd9-ae25-e56b24b0f25f.png
imagenes/generadas	20261002_070322_5fb7dd1b.png	https://d8j0ntlcm91z4.cloudfront.net/user_3K4O0O0l56fNWa9WqWQdW4WRQIY/hf_20261002_070322_5fb7dd1b-f7c9-4cf7-91a9-c342c42768ab.png
imagenes/generadas	20261002_070322_76c0f12a.png	https://d8j0ntlcm91z4.cloudfront.net/user_3K4O0O0l56fNWa9WqWQdW4WRQIY/hf_20261002_070322_76c0f12a-8041-45f2-b0b2-8cd0a0b9819e.png
imagenes/generadas	20261002_070322_db4d59cd.png	https://d8j0ntlcm91z4.cloudfront.net/user_3K4O0O0l56fNWa9WqWQdW4WRQIY/hf_20261002_070322_db4d59cd-effa-4abd-a335-3cfad82870b6.png
imagenes/generadas	20261002_073959_4d630ce7.png	https://d8j0ntlcm91z4.cloudfront.net/user_3K4O0O0l56fNWa9WqWQdW4WRQIY/hf_20261002_073959_4d630ce7-7d0b-4e50-9e7f-2424522a7479.png
imagenes/generadas	20261002_073959_6989ec5e.png	https://d8j0ntlcm91z4.cloudfront.net/user_3K4O0O0l56fNWa9WqWQdW4WRQIY/hf_20261002_073959_6989ec5e-092b-4da3-bd84-030930a7d0f6.png
imagenes/generadas	20261002_095756_650bdf61.png	https://d8j0ntlcm91z4.cloudfront.net/user_3K4O0O0l56fNWa9WqWQdW4WRQIY/hf_20261002_095756_650bdf61-4e13-465c-ae6d-235207008ba4.png
imagenes/generadas	20261002_095756_9354ad0e.png	https://d8j0ntlcm91z4.cloudfront.net/user_3K4O0O0l56fNWa9WqWQdW4WRQIY/hf_20261002_095756_9354ad0e-1fc1-41a8-b846-2f0e27639c2b.png
imagenes/generadas	20261002_095756_e3d69c6f.png	https://d8j0ntlcm91z4.cloudfront.net/user_3K4O0O0l56fNWa9WqWQdW4WRQIY/hf_20261002_095756_e3d69c6f-ca87-4ef6-8adc-569be2b968a4.png
imagenes/generadas	20261002_100041_862fec68.png	https://d8j0ntlcm91z4.cloudfront.net/user_3K4O0O0l56fNWa9WqWQdW4WRQIY/hf_20261002_100041_862fec68-a28d-4348-abd2-c8deb3381c73.png
imagenes/generadas	20261002_100041_f51944db.png	https://d8j0ntlcm91z4.cloudfront.net/user_3K4O0O0l56fNWa9WqWQdW4WRQIY/hf_20261002_100041_f51944db-15d9-476e-8be8-1a92c7722360.png
imagenes/generadas	20261002_101430_4cccfdfd.png	https://d8j0ntlcm91z4.cloudfront.net/user_3K4O0O0l56fNWa9WqWQdW4WRQIY/hf_20261002_101430_4cccfdfd-fc5d-478b-92ae-4db58949bf3e.png
imagenes/generadas	20261002_101430_88c8fac5.png	https://d8j0ntlcm91z4.cloudfront.net/user_3K4O0O0l56fNWa9WqWQdW4WRQIY/hf_20261002_101430_88c8fac5-0e5c-4819-b225-cdf7a37886b9.png
imagenes/generadas	20261002_101432_1193fff0.png	https://d8j0ntlcm91z4.cloudfront.net/user_3K4O0O0l56fNWa9WqWQdW4WRQIY/hf_20261002_101432_1193fff0-7dc4-4bda-a7c5-366f21592381.png
imagenes/generadas	20261002_102057_07753771.png	https://d8j0ntlcm91z4.cloudfront.net/user_3K4O0O0l56fNWa9WqWQdW4WRQIY/hf_20261002_102057_07753771-6c31-4de3-96d8-61a043a5b36d.png
imagenes/generadas	20261002_102057_8e49fb99.png	https://d8j0ntlcm91z4.cloudfront.net/user_3K4O0O0l56fNWa9WqWQdW4WRQIY/hf_20261002_102057_8e49fb99-2ba4-4e20-9a5e-212393d79976.png
imagenes/generadas	20261002_102742_02a0a079.png	https://d8j0ntlcm91z4.cloudfront.net/user_3K4O0O0l56fNWa9WqWQdW4WRQIY/hf_20261002_102742_02a0a079-d3e7-451c-b5de-d9c3d2a8aa78.png
imagenes/generadas	20261002_102742_d8839ed2.png	https://d8j0ntlcm91z4.cloudfront.net/user_3K4O0O0l56fNWa9WqWQdW4WRQIY/hf_20261002_102742_d8839ed2-c833-46f4-a8f9-b4dacec4f8d6.png
imagenes/subidas	0a750104.jpg	https://d2ol7oe51mr4n9.cloudfront.net/user_3EbzM3eKKwcmoP0DyGgm34Y5b0U/0a750104-e2ac-4a45-adf1-b2bce3508d6d.jpg
imagenes/subidas	0d7901ad.png	https://d2ol7oe51mr4n9.cloudfront.net/user_3EbzM3eKKwcmoP0DyGgm34Y5b0U/0d7901ad-39d2-499f-a599-275a7eb5f359.png
imagenes/subidas	0f946678.png	https://d2ol7oe51mr4n9.cloudfront.net/user_3K4O0O0l56fNWa9WqWQdW4WRQIY/0f946678-85c7-474e-953a-d36d1d227396.png
imagenes/subidas	1117f970.png	https://d2ol7oe51mr4n9.cloudfront.net/user_3K4O0O0l56fNWa9WqWQdW4WRQIY/1117f970-fff8-4125-9634-99ea66fbf033.png
imagenes/subidas	17b9faa4.png	https://d2ol7oe51mr4n9.cloudfront.net/user_3EbzM3eKKwcmoP0DyGgm34Y5b0U/17b9faa4-6554-4ebd-9944-31456606ae88.png
imagenes/subidas	4f0a44f6.jpg	https://d2ol7oe51mr4n9.cloudfront.net/user_3K4O0O0l56fNWa9WqWQdW4WRQIY/4f0a44f6-d158-4cdd-a323-d3c6aa99ea08.jpg
imagenes/subidas	5c8e3151.png	https://d2ol7oe51mr4n9.cloudfront.net/user_3EbzM3eKKwcmoP0DyGgm34Y5b0U/5c8e3151-5388-48ff-893d-35d61175a8eb.png
imagenes/subidas	714531a8.webp	https://d2ol7oe51mr4n9.cloudfront.net/user_3EbzM3eKKwcmoP0DyGgm34Y5b0U/714531a8-af1b-4336-afb2-b386846db263.webp
imagenes/subidas	7cee1425.png	https://d2ol7oe51mr4n9.cloudfront.net/user_3K4O0O0l56fNWa9WqWQdW4WRQIY/7cee1425-6f31-4bf2-a2ae-89b79a0edc12.png
imagenes/subidas	7ead2c39.png	https://d2ol7oe51mr4n9.cloudfront.net/user_3EbzM3eKKwcmoP0DyGgm34Y5b0U/7ead2c39-c9f9-4ec9-b1b8-ccb4343a47fa.png
imagenes/subidas	a387f4fd.jpg	https://d2ol7oe51mr4n9.cloudfront.net/user_3K4O0O0l56fNWa9WqWQdW4WRQIY/a387f4fd-ea02-4862-9675-b2e4c672e000.jpg
imagenes/subidas	b715c1e2.jpg	https://d2ol7oe51mr4n9.cloudfront.net/user_3K4O0O0l56fNWa9WqWQdW4WRQIY/b715c1e2-a78d-44e0-aae2-253739bbda23.jpg
imagenes/subidas	c363aa7e.png	https://d2ol7oe51mr4n9.cloudfront.net/user_3EbzM3eKKwcmoP0DyGgm34Y5b0U/c363aa7e-2e1f-4158-bbd9-5c46acc2d717.png
imagenes/subidas	c7b994c8.png	https://d2ol7oe51mr4n9.cloudfront.net/user_3EbzM3eKKwcmoP0DyGgm34Y5b0U/c7b994c8-c3a2-40cc-89eb-c79dc5c0de7e.png
imagenes/subidas	cb042bab.png	https://d2ol7oe51mr4n9.cloudfront.net/user_3K4O0O0l56fNWa9WqWQdW4WRQIY/cb042bab-020b-4f06-a55f-5e294f959d36.png
imagenes/subidas	d00ae5f1.webp	https://d2ol7oe51mr4n9.cloudfront.net/user_3EbzM3eKKwcmoP0DyGgm34Y5b0U/d00ae5f1-9f61-48c7-a28a-ecb3c70ca9ea.webp
imagenes/subidas	f114aa09.png	https://d2ol7oe51mr4n9.cloudfront.net/user_3K4O0O0l56fNWa9WqWQdW4WRQIY/f114aa09-371a-4835-8378-ba2864335eab.png
imagenes/subidas	f1d2f981.jpg	https://d2ol7oe51mr4n9.cloudfront.net/user_3EbzM3eKKwcmoP0DyGgm34Y5b0U/f1d2f981-d848-43e9-885e-a42a7d01caa4.jpg
imagenes/subidas	f3e71707.jpg	https://d2ol7oe51mr4n9.cloudfront.net/user_3EbzM3eKKwcmoP0DyGgm34Y5b0U/f3e71707-bffa-4d39-8fee-b5d37972afe3.jpg
imagenes/subidas	f6b24383.png	https://d2ol7oe51mr4n9.cloudfront.net/user_3K4O0O0l56fNWa9WqWQdW4WRQIY/f6b24383-5cdc-458c-8a46-62a0adf0c58c.png
